index	onset	offset	duration	pinyin	hanzi
1	1.050	1.230	0.180	wang2	王
2	1.230	1.440	0.210	ping2	平
3	1.440	1.560	0.120	ke3	可
4	1.560	1.720	0.160	bu4	不
5	1.720	1.920	0.200	guan3	管
6	1.920	2.060	0.140	bie2	别
7	2.060	2.190	0.130	ren2	人
8	2.190	2.460	0.270	qiao2	瞧
9	2.460	2.570	0.110	de5	得
10	2.570	2.740	0.170	qi3	起
11	2.740	2.950	0.210	qiao2	瞧
12	2.950	3.050	0.100	bu4	不
13	3.050	3.320	0.270	qi3	起
14	3.600	3.700	0.100	ta1	他
15	3.700	3.920	0.220	ren4	认
16	3.920	4.050	0.130	zhen1	真
17	4.050	4.130	0.080	di4	地
18	4.130	4.350	0.220	shuo1	说
19	5.540	5.640	0.100	yi1	依
20	5.640	5.780	0.140	wo3	我
21	5.780	6.130	0.350	kan4	看
22	6.560	6.740	0.180	zhe4	这
23	6.740	6.870	0.130	zuo4	座
24	6.870	7.080	0.210	shan1	山
25	7.080	7.210	0.130	shi4	是
26	7.210	7.280	0.070	ge4	个
27	7.280	7.520	0.240	jue2	绝
28	7.520	7.750	0.230	di4	地
29	8.450	8.550	0.100	yao4	要
30	8.550	8.690	0.140	shi4	是
31	8.690	8.810	0.120	ren2	人
32	8.810	8.890	0.080	jia1	家
33	8.890	9.090	0.200	duan4	断
34	9.090	9.150	0.060	le5	了
35	9.150	9.370	0.220	shui3	水
36	9.370	9.640	0.270	dao4	道
37	9.780	9.980	0.200	zan2	咱
38	9.980	10.100	0.120	men5	们
39	10.100	10.280	0.180	kun4	困
40	10.280	10.370	0.090	zai4	在
41	10.370	10.560	0.190	shan1	山
42	10.560	10.690	0.130	shang4	上
43	10.690	10.820	0.130	mei2	没
44	10.820	11.010	0.190	shui3	水
45	11.010	11.190	0.180	he1	喝
46	11.560	11.680	0.120	bie2	别
47	11.680	11.810	0.130	shuo1	说
48	11.810	12.010	0.200	da3	打
49	12.010	12.310	0.300	zhang4	仗
50	12.420	12.690	0.270	huo2	活
51	12.690	12.790	0.100	ye3	也
52	12.790	12.980	0.190	huo2	活
53	12.980	13.080	0.100	bu4	不
54	13.080	13.290	0.210	liao3	了
55	14.560	14.780	0.220	wang2	王
56	14.780	15.010	0.230	ping2	平
57	15.010	15.160	0.150	zhe4	这
58	15.160	15.300	0.140	ji3	几
59	15.300	15.410	0.110	ju4	句
60	15.410	15.620	0.210	hua4	话
61	15.620	15.860	0.240	zhen1	真
62	15.860	15.970	0.110	ba3	把
63	15.970	16.160	0.190	ma3	马
64	16.160	16.330	0.170	su4	谡
65	16.330	16.450	0.120	gei3	给
66	16.450	16.700	0.250	wen4	问
67	16.700	16.840	0.140	zhu4	住
68	16.840	16.950	0.110	le5	了
69	17.410	17.520	0.110	ke3	可
70	17.520	17.630	0.110	shi4	是
71	17.630	17.730	0.100	ta1	他
72	17.730	18.010	0.280	bu4	不
73	18.010	18.210	0.200	yuan4	愿
74	18.210	18.260	0.050	yi4	意
75	18.260	18.440	0.180	xiang4	向
76	18.440	18.640	0.200	wang2	王
77	18.640	18.800	0.160	ping2	平
78	18.800	18.970	0.170	ren4	认
79	18.970	19.240	0.270	shu1	输
80	19.420	19.570	0.150	jiu4	就
81	19.570	19.790	0.220	na2	拿
82	19.790	19.950	0.160	chu1	出
83	19.950	20.190	0.240	zhu3	主
84	20.190	20.370	0.180	jiang4	将
85	20.370	20.430	0.060	de5	的
86	20.430	20.680	0.250	shen1	身
87	20.680	20.880	0.200	fen4	份
88	20.970	21.250	0.280	ge1	胳
89	21.250	21.370	0.120	bo2	膊
90	21.370	21.530	0.160	lai2	来
91	21.530	21.710	0.180	hui2	回
92	21.710	21.920	0.210	bi3	比
93	21.920	22.160	0.240	hua4	画
94	22.160	22.250	0.090	zhe5	着
95	22.250	22.470	0.220	shuo1	说
96	23.630	23.740	0.110	ni3	你
97	23.740	23.900	0.160	dong3	懂
98	23.900	23.990	0.090	de5	得
99	23.990	24.140	0.150	shen2	什
100	24.140	24.300	0.160	me5	么
101	24.930	25.150	0.220	bing1	兵
102	25.150	25.270	0.120	fa3	法
103	25.270	25.430	0.160	shang4	上
104	25.430	25.730	0.300	shuo1	说
105	25.950	26.130	0.180	zhi4	置
106	26.130	26.310	0.180	zhi1	之
107	26.310	26.570	0.260	si3	死
108	26.570	26.720	0.150	di4	地
109	26.720	26.870	0.150	er2	而
110	26.870	27.040	0.170	hou4	后
111	27.040	27.340	0.300	sheng1	生
112	27.970	28.130	0.160	wei4	魏
113	28.130	28.360	0.230	jun1	军
114	28.360	28.460	0.100	yao4	要
115	28.460	28.650	0.190	zhen1	真
116	28.650	28.760	0.110	shi4	是
117	28.760	28.950	0.190	duan4	断
118	28.950	29.010	0.060	le5	了
119	29.010	29.220	0.210	shui3	水
120	29.220	29.490	0.270	dao4	道
121	29.670	29.820	0.150	zan2	咱
122	29.820	29.920	0.100	men5	们
123	29.920	30.010	0.090	de5	的
124	30.010	30.220	0.210	jiang4	将
125	30.220	30.340	0.120	shi4	士
126	30.340	30.420	0.080	jiu4	就
127	30.420	30.550	0.130	hui4	会
128	30.550	30.800	0.250	pin1	拼
129	30.800	31.030	0.230	ming4	命
130	31.460	31.610	0.150	ren2	人
131	31.610	31.710	0.100	yi1	一
132	31.710	31.930	0.220	pin1	拼
133	31.930	32.130	0.200	ming4	命
134	32.320	32.530	0.210	shui2	谁
135	32.530	32.650	0.120	ye3	也
136	32.650	32.810	0.160	dang3	挡
137	32.810	32.890	0.080	bu2	不
138	32.890	33.090	0.200	zhu4	住
139	34.350	34.570	0.220	wang2	王
140	34.570	34.790	0.220	ping2	平
141	34.790	34.940	0.150	jian4	见
142	34.940	35.110	0.170	ma3	马
143	35.110	35.300	0.190	su4	谡
144	35.300	35.550	0.250	si3	死
145	35.550	35.740	0.190	huo2	活
146	35.740	35.870	0.130	bu4	不
147	35.870	36.070	0.200	ting1	听
148	36.070	36.230	0.160	zi4	自
149	36.230	36.350	0.120	ji3	己
150	36.350	36.500	0.150	de5	的
151	36.840	36.980	0.140	jue2	觉
152	36.980	37.080	0.100	zhe5	着
153	37.080	37.220	0.140	zhe4	这
154	37.220	37.340	0.120	ke3	可
155	37.340	37.480	0.140	bu2	不
156	37.480	37.580	0.100	shi4	是
157	37.580	37.740	0.160	nao4	闹
158	37.740	37.830	0.090	zhe5	着
159	37.830	37.960	0.130	wan2	玩
160	37.960	38.040	0.080	er2	儿
161	38.040	38.120	0.080	de5	的
162	38.120	38.320	0.200	shi4	事
163	38.870	38.960	0.090	ta1	他
164	38.960	39.200	0.240	xiang3	想
165	39.200	39.280	0.080	le5	了
166	39.280	39.470	0.190	xiang3	想
167	39.470	39.670	0.200	shuo1	说
168	40.860	40.970	0.110	ni3	你
169	40.970	41.060	0.090	yao4	要
170	41.060	41.260	0.200	shang4	上
171	41.260	41.570	0.310	shan1	山
172	41.960	42.040	0.080	jiu4	就
173	42.040	42.270	0.230	fen1	分
174	42.270	42.360	0.090	gei3	给
175	42.360	42.520	0.160	wo3	我
176	42.520	42.620	0.100	yi1	一
177	42.620	42.750	0.130	bu4	部
178	42.750	42.910	0.160	fen4	分
179	42.910	43.030	0.120	ren2	人
180	43.030	43.150	0.120	dao4	到
181	43.150	43.350	0.200	bie2	别
182	43.350	43.440	0.090	de5	的
183	43.440	43.560	0.120	di4	地
184	43.560	43.720	0.160	fang1	方
185	43.720	43.920	0.200	zha1	扎
186	43.920	44.200	0.280	ying2	营
187	44.590	44.660	0.070	ye3	也
188	44.660	44.820	0.160	hao3	好
189	44.820	45.020	0.200	xiang1	相
190	45.020	45.150	0.130	hu4	互
191	45.150	45.240	0.090	you3	有
192	45.240	45.340	0.100	ge4	个
193	45.340	45.590	0.250	jiu4	救
194	45.590	45.800	0.210	ying1	应
195	47.030	47.150	0.120	ma3	马
196	47.150	47.300	0.150	su4	谡
197	47.300	47.510	0.210	mian3	勉
198	47.510	47.710	0.200	qiang3	强
199	47.710	47.890	0.180	da1	答
200	47.890	48.010	0.120	ying4	应
201	48.010	48.070	0.060	le5	了
202	48.070	48.160	0.090	rang4	让
203	48.710	48.910	0.200	wang2	王
204	48.910	49.120	0.210	ping2	平
205	49.120	49.290	0.170	ling3	领
206	49.290	49.370	0.080	zhe5	着
207	49.370	49.510	0.140	yi1	一
208	49.510	49.740	0.230	qian1	千
209	49.740	49.910	0.170	ren2	人
210	49.910	50.050	0.140	dao4	到
211	50.050	50.190	0.140	li2	离
212	50.190	50.430	0.240	shan1	山
213	50.430	50.580	0.150	tou2	头
214	50.580	50.890	0.310	shi2	十
215	50.890	51.060	0.170	li3	里
216	51.060	51.200	0.140	yuan3	远
217	51.200	51.280	0.080	de5	的
218	51.280	51.410	0.130	di4	地
219	51.410	51.580	0.170	fang1	方
220	51.580	51.800	0.220	zha1	扎
221	51.800	51.980	0.180	ying2	营
222	51.980	52.120	0.140	qu4	去
223	52.120	52.210	0.090	le5	了
224	52.990	53.210	0.220	zhang1	张
225	53.210	53.390	0.180	he2	郃
226	53.390	53.530	0.140	lai2	来
227	53.530	53.640	0.110	de5	得
228	53.640	53.840	0.200	zhen1	真
229	53.840	54.070	0.230	kuai4	快
230	54.390	54.490	0.100	ta1	他
231	54.490	54.730	0.240	guo3	果
232	54.730	54.920	0.190	ran2	然
233	54.920	55.100	0.180	dai4	带
234	55.100	55.310	0.210	bing1	兵
235	55.310	55.520	0.210	zhi2	直
236	55.520	55.690	0.170	ben1	奔
237	55.690	55.890	0.200	jie1	街
238	55.890	56.040	0.150	ting2	亭
239	56.040	56.240	0.200	lai2	来
240	56.240	56.330	0.090	le5	了
241	56.980	57.160	0.180	ting1	听
242	57.160	57.300	0.140	shuo1	说
243	57.300	57.550	0.250	shu3	蜀
244	57.550	57.740	0.190	jun1	军
245	57.740	57.850	0.110	ba3	把
246	57.850	58.110	0.260	da4	大
247	58.110	58.320	0.210	ying2	营
248	58.320	58.530	0.210	zha1	扎
249	58.530	58.640	0.110	zai4	在
250	58.640	58.720	0.080	le5	了
251	58.720	58.950	0.230	shan1	山
252	58.950	59.170	0.220	tou2	头
253	59.170	59.370	0.200	shang4	上
254	59.790	60.000	0.210	zhang1	张
255	60.000	60.150	0.150	he2	郃
256	60.150	60.330	0.180	ma3	马
257	60.330	60.530	0.200	shang4	上
258	60.530	60.630	0.100	you3	有
259	60.630	60.750	0.120	le5	了
260	60.750	61.000	0.250	zhu3	主
261	61.000	61.150	0.150	yi4	意
262	62.230	62.330	0.100	ta1	他
263	62.330	62.600	0.270	xia4	下
264	62.600	62.760	0.160	ling4	令
265	62.760	62.870	0.110	ba3	把
266	62.870	63.120	0.250	shan1	山
267	63.120	63.350	0.230	tou2	头
268	63.350	63.520	0.170	wei2	围
269	63.520	63.620	0.100	le5	了
270	63.620	63.690	0.070	ge4	个
271	63.690	63.840	0.150	bu4	不
272	63.840	64.000	0.160	tou4	透
273	64.000	64.310	0.310	feng1	风
274	64.510	64.700	0.190	bu4	不
275	64.700	64.870	0.170	zhun3	准
276	64.870	65.100	0.230	shu3	蜀
277	65.100	65.280	0.180	bing1	兵
278	65.280	65.490	0.210	xia4	下
279	65.490	65.670	0.180	shan1	山
280	65.670	65.830	0.160	da3	打
281	65.830	66.100	0.270	shui3	水
282	66.360	66.580	0.220	hai2	还
283	66.580	66.690	0.110	zai4	在
284	66.690	66.930	0.240	shan1	山
285	66.930	67.040	0.110	xia4	下
286	67.040	67.280	0.240	bu4	布
287	67.280	67.380	0.100	zhi4	置
288	67.380	67.620	0.240	zhen4	阵
289	67.620	67.810	0.190	shi4	势
290	67.920	68.170	0.250	zhu4	筑
291	68.170	68.340	0.170	qi3	起
292	68.340	68.540	0.200	bi4	壁
293	68.540	68.740	0.200	lei3	垒
294	69.310	69.500	0.190	zhen1	真
295	69.500	69.650	0.150	rang4	让
296	69.650	69.840	0.190	wang2	王
297	69.840	70.010	0.170	ping2	平
298	70.010	70.210	0.200	shuo1	说
299	70.210	70.380	0.170	zhe5	着
300	70.380	70.520	0.140	le5	了
301	70.840	71.000	0.160	shu3	蜀
302	71.000	71.180	0.180	bing1	兵
303	71.180	71.310	0.130	dou1	都
304	71.310	71.430	0.120	gei3	给
305	71.430	71.700	0.270	kun4	困
306	71.700	71.810	0.110	zai4	在
307	71.810	71.900	0.090	le5	了
308	71.900	72.140	0.240	shan1	山
309	72.140	72.300	0.160	shang4	上
310	72.980	73.150	0.170	ma3	马
311	73.150	73.330	0.180	su4	谡
312	73.330	73.430	0.100	zai4	在
313	73.430	73.670	0.240	shan1	山
314	73.670	73.830	0.160	shang4	上
315	73.830	73.940	0.110	you4	又
316	73.940	74.220	0.280	xiang3	想
317	74.220	74.370	0.150	qi3	起
318	74.370	74.590	0.220	zhi4	置
319	74.590	74.740	0.150	zhi1	之
320	74.740	75.040	0.300	si3	死
321	75.040	75.230	0.190	di4	地
322	75.230	75.410	0.180	er2	而
323	75.410	75.630	0.220	hou4	后
324	75.630	75.860	0.230	sheng1	生
325	75.860	75.980	0.120	zhe4	这
326	75.980	76.080	0.100	ju4	句
327	76.080	76.320	0.240	hua4	话
328	76.630	76.860	0.230	xia4	下
329	76.860	77.010	0.150	ling4	令
330	77.010	77.130	0.120	jiao4	叫
331	77.130	77.330	0.200	shi4	士
332	77.330	77.530	0.200	bing1	兵
333	77.530	77.800	0.270	fen1	分
334	77.800	77.990	0.190	tou2	头
335	77.990	78.150	0.160	wang3	往
336	78.150	78.380	0.230	shan1	山
337	78.380	78.540	0.160	xia4	下
338	78.540	78.810	0.270	chong1	冲
339	79.950	80.060	0.110	ke3	可
340	80.060	80.320	0.260	wei4	魏
341	80.320	80.490	0.170	jun1	军
342	80.490	80.580	0.090	de5	的
343	80.580	80.780	0.200	gong1	弓
344	80.780	80.950	0.170	jian4	箭
345	80.950	81.100	0.150	shou3	手
346	81.100	81.350	0.250	geng4	更
347	81.350	81.470	0.120	li4	厉
348	81.470	81.690	0.220	hai4	害
349	82.020	82.310	0.290	jian4	箭
350	82.310	82.510	0.200	mi4	密
351	82.510	82.650	0.140	mi4	密
352	82.650	82.830	0.180	ma2	麻
353	82.830	83.000	0.170	ma2	麻
354	83.000	83.080	0.080	di4	地
355	83.080	83.230	0.150	wang3	往
356	83.230	83.400	0.170	shang4	上
357	83.400	83.620	0.220	fei1	飞
358	84.160	84.320	0.160	shu3	蜀
359	84.320	84.530	0.210	bing1	兵
360	84.530	84.680	0.150	yi2	一
361	84.680	84.770	0.090	ge4	个
362	84.770	84.860	0.090	ge4	个
363	84.860	85.090	0.230	dao3	倒
364	85.090	85.230	0.140	xia4	下
365	85.230	85.340	0.110	le5	了
366	85.820	86.050	0.230	jiao3	侥
367	86.050	86.270	0.220	xing4	幸
368	86.270	86.530	0.260	chong1	冲
369	86.530	86.640	0.110	xia4	下
370	86.640	86.780	0.140	qu4	去
371	86.780	86.880	0.100	de5	的
372	86.880	87.060	0.180	ji3	几
373	87.060	87.280	0.220	ge4	个
374	87.450	87.580	0.130	ye3	也
375	87.580	87.710	0.130	jiao4	叫
376	87.710	87.910	0.200	wei4	魏
377	87.910	88.100	0.190	bing1	兵
378	88.100	88.360	0.260	sha1	杀
379	88.360	88.450	0.090	de5	的
380	88.450	88.750	0.300	sha1	杀
381	88.830	89.070	0.240	zhuo1	捉
382	89.070	89.170	0.100	de5	的
383	89.170	89.380	0.210	zhuo1	捉
384	90.150	90.290	0.140	shu3	蜀
385	90.290	90.460	0.170	bing1	兵
386	90.460	90.700	0.240	chong1	冲
387	90.700	90.790	0.090	le5	了
388	90.790	90.940	0.150	ji3	几
389	90.940	91.180	0.240	ci4	次
390	91.390	91.550	0.160	rang4	让
391	91.550	91.680	0.130	wei4	魏
392	91.680	91.860	0.180	bing1	兵
393	91.860	91.970	0.110	gei3	给
394	91.970	92.240	0.270	dang3	挡
395	92.240	92.430	0.190	hui2	回
396	92.430	92.590	0.160	ji3	几
397	92.590	92.800	0.210	ci4	次
398	93.950	94.100	0.150	ma3	马
399	94.100	94.290	0.190	su4	谡
400	94.290	94.450	0.160	zhe4	这
401	94.450	94.560	0.110	ke3	可
402	94.560	94.730	0.170	ji2	急
403	94.730	95.010	0.280	huai4	坏
404	95.010	95.120	0.110	le5	了
405	95.550	95.690	0.140	zhi2	直
406	95.690	95.890	0.200	hou4	后
407	95.890	96.050	0.160	hui3	悔
408	96.050	96.240	0.190	mei2	没
409	96.240	96.430	0.190	ting1	听
410	96.430	96.620	0.190	wang2	王
411	96.620	96.780	0.160	ping2	平
412	96.780	96.860	0.080	de5	的
413	96.860	97.090	0.230	quan4	劝
414	97.090	97.290	0.200	gao4	告
415	97.610	97.710	0.100	zen3	怎
416	97.710	97.810	0.100	me5	么
417	97.810	98.020	0.210	ban4	办
418	98.020	98.150	0.130	na4	呐
419	98.540	98.810	0.270	chong1	冲
420	98.810	98.930	0.120	you4	又
421	98.930	99.120	0.190	chong1	冲
422	99.120	99.190	0.070	bu4	不
423	99.190	99.370	0.180	xia4	下
424	99.370	99.550	0.180	qu4	去
425	99.760	99.930	0.170	shui3	水
426	99.930	100.090	0.160	you4	又
427	100.090	100.260	0.170	da3	打
428	100.260	100.350	0.090	bu4	不
429	100.350	100.560	0.210	shang4	上
430	100.560	100.730	0.170	lai2	来
431	100.890	101.110	0.220	lian2	连
432	101.110	101.420	0.310	fan4	饭
433	101.420	101.530	0.110	dou1	都
434	101.530	101.690	0.160	zuo4	做
435	101.690	101.780	0.090	bu4	不
436	101.780	102.010	0.230	cheng2	成
437	102.010	102.130	0.120	le5	了
438	102.860	103.020	0.160	dao4	到
439	103.020	103.130	0.110	le5	了
440	103.130	103.350	0.220	wan3	晚
441	103.350	103.590	0.240	shang4	上
442	103.690	103.930	0.240	da4	大
443	103.930	104.090	0.160	huo3	伙
444	104.090	104.190	0.100	er2	儿
445	104.190	104.340	0.150	you4	又
446	104.340	104.490	0.150	e4	饿
447	104.490	104.650	0.160	you4	又
448	104.650	105.000	0.350	ke3	渴
449	105.170	105.380	0.210	shi2	实
450	105.380	105.490	0.110	zai4	在
451	105.490	105.660	0.170	ao2	熬
452	105.660	105.780	0.120	bu2	不
453	105.780	105.980	0.200	zhu4	住
454	106.480	106.660	0.180	mo4	末
455	106.660	106.850	0.190	liao3	了
456	106.960	107.090	0.130	bu4	不
457	107.090	107.240	0.150	da3	打
458	107.240	107.380	0.140	zi4	自
459	107.380	107.670	0.290	luan4	乱
460	107.750	108.100	0.350	luan4	乱
461	108.100	108.310	0.210	hong1	哄
462	108.310	108.470	0.160	hong1	哄
463	108.470	108.570	0.100	di4	地
464	108.570	108.720	0.150	yi1	一
465	108.720	108.920	0.200	xia4	下
466	108.920	109.000	0.080	zi5	子
467	109.000	109.080	0.080	jiu4	就
468	109.080	109.400	0.320	san4	散
469	109.400	109.500	0.100	le5	了
470	110.560	110.820	0.260	zhang1	张
471	110.820	111.000	0.180	he2	郃
472	111.000	111.180	0.180	kan4	看
473	111.180	111.310	0.130	jian4	见
474	111.310	111.440	0.130	zhe4	这
475	111.440	111.600	0.160	zhong3	种
476	111.600	111.830	0.230	qing2	情
477	111.830	112.010	0.180	xing2	形
478	112.100	112.390	0.290	ba3	把
479	112.390	112.590	0.200	shou3	手
480	112.590	112.690	0.100	yi1	一
481	112.690	113.050	0.360	hui1	挥
482	113.290	113.470	0.180	wei4	魏
483	113.470	113.690	0.220	bing1	兵
484	113.690	113.820	0.130	dou1	都
485	113.820	114.030	0.210	chong1	冲
486	114.030	114.150	0.120	shang4	上
487	114.150	114.380	0.230	shan1	山
488	114.380	114.520	0.140	lai2	来
489	115.070	115.240	0.170	shu3	蜀
490	115.240	115.410	0.170	bing1	兵
491	115.410	115.510	0.100	na3	哪
492	115.510	115.570	0.060	er2	儿
493	115.570	115.700	0.130	hai2	还
494	115.700	115.840	0.140	neng2	能
495	115.840	116.030	0.190	jiao1	交
496	116.030	116.220	0.190	zhan4	战
497	116.220	116.370	0.150	na4	呐
498	116.580	116.810	0.230	fen1	纷
499	116.810	116.970	0.160	fen1	纷
500	116.970	117.140	0.170	fang4	放
501	117.140	117.220	0.080	xia4	下
502	117.220	117.460	0.240	bing1	兵
503	117.460	117.660	0.200	qi4	器
504	117.800	117.960	0.160	dou1	都
505	117.960	118.230	0.270	tou2	投
506	118.230	118.420	0.190	xiang2	降
507	118.420	118.500	0.080	le5	了
508	118.500	118.640	0.140	wei4	魏
509	118.640	118.890	0.250	jun1	军
510	119.600	119.750	0.150	ma3	马
511	119.750	119.960	0.210	su4	谡
512	119.960	120.100	0.140	dai4	带
513	120.100	120.200	0.100	zhe5	着
514	120.200	120.440	0.240	qin1	亲
515	120.440	120.620	0.180	xin4	信
516	120.620	120.850	0.230	sha1	杀
517	120.850	121.000	0.150	chu1	出
518	121.000	121.280	0.280	chong2	重
519	121.280	121.480	0.200	wei2	围
520	121.710	121.910	0.200	wang3	往
521	121.910	122.100	0.190	xi1	西
522	122.100	122.310	0.210	tao2	逃
523	122.310	122.600	0.290	pao3	跑
524	122.950	123.120	0.170	yan2	沿
525	123.120	123.310	0.190	lu4	路
526	123.310	123.500	0.190	you4	又
527	123.500	123.620	0.120	yu4	遇
528	123.620	123.730	0.110	dao4	到
529	123.730	123.960	0.230	wei4	魏
530	123.960	124.160	0.200	bing1	兵
531	124.160	124.360	0.200	jie2	截
532	124.360	124.630	0.270	ji1	击
533	125.790	125.880	0.090	ta1	他
534	125.880	126.030	0.150	men5	们
535	126.030	126.230	0.200	da3	打
536	126.230	126.360	0.130	yi1	一
537	126.360	126.590	0.230	zhen4	阵
538	126.670	126.900	0.230	bai4	败
539	126.900	127.000	0.100	yi1	一
540	127.000	127.240	0.240	zhen4	阵
541	127.420	127.640	0.220	bai4	败
542	127.640	127.750	0.110	yi1	一
543	127.750	127.950	0.200	zhen4	阵
544	128.070	128.340	0.270	tao2	逃
545	128.340	128.440	0.100	yi1	一
546	128.440	128.620	0.180	zhen4	阵
547	129.250	129.470	0.220	liang3	两
548	129.470	129.640	0.170	wan4	万
549	129.640	129.820	0.180	bing1	兵
550	129.820	129.960	0.140	ma3	马
551	129.960	130.130	0.170	zui4	最
552	130.130	130.290	0.160	hou4	后
553	130.290	130.460	0.170	zhi3	只
554	130.460	130.640	0.180	sheng4	剩
555	130.640	130.720	0.080	xia4	下
556	130.720	130.910	0.190	ji3	几
557	130.910	131.170	0.260	qian1	千
558	131.170	131.320	0.150	ren2	人
559	131.320	131.420	0.100	le5	了
560	132.130	132.370	0.240	zhang1	张
561	132.370	132.550	0.180	he2	郃
562	132.550	132.680	0.130	you4	又
563	132.680	132.900	0.220	fen1	分
564	132.900	133.040	0.140	chu1	出
565	133.040	133.130	0.090	yi1	一
566	133.130	133.280	0.150	bu4	部
567	133.280	133.430	0.150	fen4	分
568	133.430	133.550	0.120	ren2	人
569	133.550	133.730	0.180	ma3	马
570	133.730	133.880	0.150	qu4	去
571	133.880	134.040	0.160	da3	打
572	134.040	134.260	0.220	wang2	王
573	134.260	134.430	0.170	ping2	平
574	134.430	134.490	0.060	de5	的
575	134.490	134.700	0.210	ying2	营
576	134.700	134.880	0.180	zhai4	寨
577	135.650	135.860	0.210	wang2	王
578	135.860	136.050	0.190	ping2	平
579	136.050	136.180	0.130	zhi1	知
580	136.180	136.280	0.100	dao4	道
581	136.280	136.520	0.240	gua3	寡
582	136.520	136.620	0.100	bu4	不
583	136.620	136.770	0.150	di2	敌
584	136.770	136.970	0.200	zhong4	众
585	137.200	137.480	0.280	gan1	干
586	137.480	137.610	0.130	cui4	脆
587	137.610	137.760	0.150	rang4	让
588	137.760	137.960	0.200	shi4	士
589	137.960	138.120	0.160	bing1	兵
590	138.120	138.340	0.220	shou3	守
591	138.340	138.460	0.120	zai4	在
592	138.460	138.670	0.210	ying2	营
593	138.670	138.840	0.170	li3	里
594	138.970	139.090	0.120	ba3	把
595	139.090	139.380	0.290	zhan4	战
596	139.380	139.530	0.150	gu3	鼓
597	139.530	139.790	0.260	qiao1	敲
598	139.790	139.890	0.100	de2	得
599	139.890	140.120	0.230	zhen4	震
600	140.120	140.350	0.230	tian1	天
601	140.350	140.580	0.230	xiang3	响
602	140.770	141.040	0.270	hao3	好
603	141.040	141.200	0.160	xiang4	像
604	141.200	141.300	0.100	you3	有
605	141.300	141.640	0.340	qian1	千
606	141.640	141.830	0.190	jun1	军
607	141.830	141.990	0.160	wan4	万
608	141.990	142.160	0.170	ma3	马
609	142.160	142.350	0.190	shi4	似
610	142.350	142.470	0.120	de5	的
611	143.580	143.730	0.150	wei4	魏
612	143.730	143.930	0.200	jun1	军
613	143.930	144.010	0.080	gei3	给
614	144.010	144.200	0.190	nao4	闹
615	144.200	144.480	0.280	meng2	蒙
616	144.480	144.610	0.130	le5	了
617	144.730	144.850	0.120	bu4	不
618	144.850	145.020	0.170	gan3	敢
619	145.020	145.260	0.240	sha1	杀
620	145.260	145.420	0.160	jin4	进
621	145.420	145.570	0.150	qu4	去
622	145.950	146.100	0.150	leng4	愣
623	146.100	146.190	0.090	le5	了
624	146.190	146.350	0.160	ban4	半
625	146.350	146.610	0.260	tian1	天
626	146.690	146.830	0.140	zhi3	只
627	146.830	147.000	0.170	hao3	好
628	147.000	147.190	0.190	tui4	退
629	147.190	147.460	0.270	bing1	兵
630	148.200	148.420	0.220	wang2	王
631	148.420	148.630	0.210	ping2	平
632	148.630	148.800	0.170	deng3	等
633	148.800	148.930	0.130	wei4	魏
634	148.930	149.110	0.180	bing1	兵
635	149.110	149.330	0.220	zou3	走
636	149.330	149.540	0.210	yuan3	远
637	149.540	149.730	0.190	le5	了
638	149.780	149.960	0.180	cai2	才
639	149.960	150.050	0.090	ba3	把
640	150.050	150.220	0.170	ren2	人
641	150.220	150.410	0.190	ma3	马
642	150.410	150.610	0.200	ji2	集
643	150.610	150.790	0.180	he2	合
644	150.790	150.920	0.130	qi3	起
645	150.920	151.060	0.140	lai2	来
646	151.300	151.480	0.180	wang3	往
647	151.480	151.680	0.200	xi1	西
648	151.680	151.870	0.190	tui4	退
649	151.870	152.120	0.250	bing1	兵
650	152.840	153.050	0.210	ban4	半
651	153.050	153.210	0.160	lu4	路
652	153.210	153.430	0.220	shang4	上
653	153.490	153.650	0.160	ta1	他
654	153.650	153.770	0.120	hai2	还
655	153.770	154.030	0.260	shou1	收
656	154.030	154.150	0.120	ji2	集
657	154.150	154.260	0.110	le5	了
658	154.260	154.410	0.150	bu4	不
659	154.410	154.580	0.170	shao3	少
660	154.580	154.800	0.220	ma3	马
661	154.800	154.990	0.190	su4	谡
662	154.990	155.060	0.070	de5	的
663	155.060	155.350	0.290	can2	残
664	155.350	155.510	0.160	bing1	兵
665	155.510	155.680	0.170	bai4	败
666	155.680	155.950	0.270	jiang4	将
667	156.510	156.700	0.190	zhe4	这
668	156.700	156.850	0.150	shi2	时
669	156.850	157.010	0.160	hou4	候
670	157.120	157.380	0.260	zhu1	诸
671	157.380	157.520	0.140	ge3	葛
672	157.520	157.750	0.230	liang4	亮
673	157.750	157.930	0.180	zhu4	驻
674	157.930	158.090	0.160	zha1	扎
675	158.090	158.200	0.110	zai4	在
676	158.200	158.430	0.230	xi1	西
677	158.430	158.750	0.320	xian4	县
678	159.850	159.920	0.070	ta1	他
679	159.920	160.140	0.220	ting1	听
680	160.140	160.270	0.130	shuo1	说
681	160.270	160.510	0.240	jie1	街
682	160.510	160.680	0.170	ting2	亭
683	160.680	160.920	0.240	shi1	失
684	160.920	161.210	0.290	shou3	守
685	161.330	161.530	0.200	ji2	急
686	161.530	161.620	0.090	de2	得
687	161.620	161.830	0.210	zuo4	坐
688	161.830	161.920	0.090	ye3	也
689	161.920	162.100	0.180	zuo4	坐
690	162.100	162.200	0.100	bu2	不
691	162.200	162.420	0.220	zhu4	住
692	162.540	162.770	0.230	zhan4	站
693	162.770	162.860	0.090	ye3	也
694	162.860	163.050	0.190	zhan4	站
695	163.050	163.150	0.100	bu4	不
696	163.150	163.320	0.170	wen3	稳
697	164.020	164.210	0.190	jie1	街
698	164.210	164.390	0.180	ting2	亭
699	164.390	164.500	0.110	zhe4	这
700	164.500	164.600	0.100	yi1	一
701	164.600	164.770	0.170	diu1	丢
702	165.190	165.410	0.220	zai4	再
703	165.410	165.570	0.160	ye3	也
704	165.570	165.760	0.190	mei2	没
705	165.760	165.910	0.150	shen2	什
706	165.910	165.980	0.070	me5	么
707	165.980	166.360	0.380	xian3	险
708	166.360	166.500	0.140	yao4	要
709	166.500	166.600	0.100	de5	的
710	166.600	166.750	0.150	di4	地
711	166.750	166.900	0.150	fang1	方
712	166.900	167.050	0.150	neng2	能
713	167.050	167.270	0.220	zu3	阻
714	167.270	167.460	0.190	dang3	挡
715	167.460	167.690	0.230	zhang1	张
716	167.690	167.840	0.150	he2	郃
717	167.840	167.940	0.100	de5	的
718	167.940	168.110	0.170	da4	大
719	168.110	168.280	0.170	jun1	军
720	168.280	168.430	0.150	le5	了
721	169.090	169.230	0.140	ping2	凭
722	169.230	169.500	0.270	shu3	蜀
723	169.500	169.690	0.190	jun1	军
724	169.690	169.810	0.120	zhe4	这
725	169.810	169.920	0.110	me5	么
726	169.920	170.020	0.100	dian3	点
727	170.020	170.080	0.060	er5	儿
728	170.080	170.190	0.110	ren2	人
729	170.190	170.400	0.210	ma3	马
730	170.570	170.860	0.290	gen1	跟
731	170.860	171.010	0.150	wei4	魏
732	171.010	171.240	0.230	jun1	军
733	171.240	171.430	0.190	ying4	硬
734	171.430	171.640	0.210	pin1	拼
735	171.640	171.740	0.100	shi4	是
736	171.740	171.960	0.220	pin1	拼
737	171.960	172.050	0.090	bu4	不
738	172.050	172.240	0.190	guo4	过
739	172.240	172.380	0.140	de5	的
740	173.420	173.730	0.310	qian1	千
741	173.730	173.950	0.220	xin1	辛
742	173.950	174.140	0.190	wan4	万
743	174.140	174.310	0.170	ku3	苦
744	174.310	174.500	0.190	de2	得
745	174.500	174.610	0.110	dao4	到
746	174.610	174.720	0.110	de5	的
747	174.720	174.810	0.090	yi4	一
748	174.810	174.920	0.110	dian3	点
749	174.920	175.000	0.080	er2	儿
750	175.000	175.230	0.230	zhan4	战
751	175.230	175.470	0.240	guo3	果
752	175.720	175.830	0.110	yi1	一
753	175.830	176.020	0.190	xia4	下
754	176.020	176.110	0.090	zi5	子
755	176.110	176.340	0.230	quan2	全
756	176.340	176.500	0.160	bai2	白
757	176.500	176.700	0.200	fei4	费
758	176.700	176.860	0.160	le5	了
759	177.520	177.650	0.130	zhu1	诸
760	177.650	177.800	0.150	ge3	葛
761	177.800	177.960	0.160	liang4	亮
762	177.960	178.150	0.190	xin1	心
763	178.150	178.250	0.100	li3	里
764	178.250	178.460	0.210	duo1	多
765	178.460	178.660	0.200	nan2	难
766	178.660	178.810	0.150	shou4	受
767	178.810	178.920	0.110	jiu4	就
768	178.920	179.100	0.180	bie2	别
769	179.100	179.290	0.190	ti2	提
770	179.290	179.430	0.140	le5	了
771	179.980	180.210	0.230	guang1	光
772	180.210	180.390	0.180	nan2	难
773	180.390	180.540	0.150	shou4	受
774	180.540	180.630	0.090	ye3	也
775	180.630	180.810	0.180	mei2	没
776	180.810	181.010	0.200	yong4	用
777	181.390	181.640	0.250	zhang1	张
778	181.640	181.790	0.150	he2	郃
779	181.790	181.880	0.090	de5	的
780	181.880	182.020	0.140	ren2	人
781	182.020	182.200	0.180	ma3	马
782	182.200	182.470	0.270	shuo1	说
783	182.470	182.610	0.140	dao4	到
784	182.610	182.750	0.140	jiu4	就
785	182.750	182.940	0.190	dao4	到
786	183.620	183.780	0.160	zhu1	诸
787	183.780	183.910	0.130	ge3	葛
788	183.910	184.090	0.180	liang4	亮
789	184.090	184.180	0.090	de2	得
790	184.180	184.390	0.210	gan3	赶
791	184.390	184.550	0.160	kuai4	快
792	184.550	184.690	0.140	li2	离
793	184.690	184.840	0.150	kai1	开
794	184.840	185.030	0.190	xi1	西
795	185.030	185.280	0.250	xian4	县
796	185.710	185.800	0.090	ta1	他
797	185.800	186.020	0.220	xia4	下
798	186.020	186.180	0.160	ling4	令
799	186.180	186.410	0.230	quan2	全
800	186.410	186.550	0.140	jun1	军
801	186.550	186.750	0.200	ma3	马
802	186.750	186.920	0.170	shang4	上
803	186.920	187.130	0.210	che4	撤
804	187.130	187.280	0.150	hui2	回
805	187.280	187.510	0.230	han4	汉
806	187.510	187.750	0.240	zhong1	中
807	188.850	189.030	0.180	deng3	等
808	189.030	189.140	0.110	ta1	他
809	189.140	189.350	0.210	hui2	回
810	189.350	189.470	0.120	dao4	到
811	189.470	189.530	0.060	le5	了
812	189.530	189.790	0.260	han4	汉
813	189.790	190.050	0.260	zhong1	中
814	190.190	190.430	0.240	xi1	西
815	190.430	190.620	0.190	xian4	县
816	190.620	190.720	0.100	na4	那
817	190.720	190.810	0.090	bian1	边
818	190.810	190.870	0.060	er2	儿
819	190.870	190.930	0.060	de5	的
820	190.930	191.140	0.210	xiao1	消
821	191.140	191.290	0.150	xi1	息
822	191.290	191.400	0.110	ye3	也
823	191.400	191.620	0.220	dao4	到
824	191.620	191.730	0.110	le5	了
825	192.350	192.600	0.250	zhang1	张
826	192.600	192.770	0.170	he2	郃
827	192.770	192.900	0.130	he2	和
828	192.900	193.180	0.280	cao2	曹
829	193.180	193.310	0.130	zhen1	真
830	193.310	193.390	0.080	de5	的
831	193.390	193.530	0.140	ren2	人
832	193.530	193.710	0.180	ma3	马
833	193.710	193.940	0.230	he2	合
834	193.940	194.080	0.140	zai4	在
835	194.080	194.140	0.060	yi4	一
836	194.140	194.310	0.170	qi3	起
837	194.310	194.500	0.190	da3	打
838	194.500	194.630	0.130	guo4	过
839	194.630	194.750	0.120	lai2	来
840	194.940	195.060	0.120	ba3	把
841	195.060	195.400	0.340	tian1	天
842	195.400	195.720	0.320	shui3	水
843	195.750	196.010	0.260	nan2	南
844	196.010	196.180	0.170	an1	安
845	196.250	196.560	0.310	an1	安
846	196.560	196.750	0.190	ding4	定
847	196.750	196.990	0.240	san1	三
848	196.990	197.080	0.090	ge4	个
849	197.080	197.270	0.190	jun4	郡
850	197.270	197.410	0.140	you4	又
851	197.410	197.540	0.130	dou1	都
852	197.540	197.760	0.220	duo2	夺
853	197.760	197.830	0.070	le5	了
854	197.830	197.970	0.140	hui2	回
855	197.970	198.150	0.180	qu4	去
856	198.860	199.020	0.160	zhu1	诸
857	199.020	199.150	0.130	ge3	葛
858	199.150	199.370	0.220	liang4	亮
859	199.370	199.560	0.190	you4	又
860	199.560	199.730	0.170	ji2	急
861	199.730	199.860	0.130	you4	又
862	199.860	200.150	0.290	qi4	气
863	200.670	200.890	0.220	xiang3	想
864	200.890	200.960	0.070	bu2	不
865	200.960	201.060	0.100	dao4	到
866	201.060	201.250	0.190	ma3	马
867	201.250	201.450	0.200	su4	谡
868	201.450	201.640	0.190	gan3	敢
869	201.640	201.750	0.110	zhe4	这
870	201.750	201.870	0.120	me5	么
871	201.870	202.030	0.160	bu4	不
872	202.030	202.220	0.190	ting1	听
873	202.220	202.450	0.230	jiang4	将
874	202.450	202.630	0.180	ling4	令
875	202.880	203.020	0.140	wu4	误
876	203.020	203.120	0.100	le5	了
877	203.120	203.340	0.220	bei3	北
878	203.340	203.540	0.200	fa2	伐
879	203.540	203.640	0.100	de5	的
880	203.640	203.810	0.170	da4	大
881	203.810	204.040	0.230	shi4	事
882	205.180	205.350	0.170	hao3	好
883	205.350	205.480	0.130	zai4	在
884	205.480	205.750	0.270	shou1	收
885	205.750	205.840	0.090	le5	了
886	205.840	205.930	0.090	yi2	一
887	205.930	206.030	0.100	ge4	个
888	206.030	206.300	0.270	jiang1	姜
889	206.300	206.410	0.110	wei2	维
890	206.410	206.590	0.180	hui2	回
891	206.590	206.770	0.180	lai2	来
892	206.900	206.980	0.080	ta1	他
893	206.980	207.100	0.120	cai2	才
894	207.100	207.300	0.200	shu1	舒
895	207.300	207.390	0.090	le5	了
896	207.390	207.550	0.160	kou3	口
897	207.550	207.810	0.260	qi4	气
898	208.610	208.800	0.190	guo4	过
899	208.800	208.900	0.100	le5	了
900	208.900	209.020	0.120	ji3	几
901	209.020	209.300	0.280	tian1	天
902	209.610	209.780	0.170	ma3	马
903	209.780	210.100	0.320	su4	谡
904	210.200	210.400	0.200	wang2	王
905	210.400	210.640	0.240	ping2	平
906	210.640	210.800	0.160	dai4	带
907	210.800	210.990	0.190	bing1	兵
908	210.990	211.170	0.180	hui2	回
909	211.170	211.280	0.110	lai2	来
910	211.280	211.390	0.110	le5	了
911	211.870	212.030	0.160	zhu1	诸
912	212.030	212.160	0.130	ge3	葛
913	212.160	212.350	0.190	liang4	亮
914	212.350	212.500	0.150	li4	立
915	212.500	212.640	0.140	ke4	刻
916	212.640	212.750	0.110	ba3	把
917	212.750	212.920	0.170	ma3	马
918	212.920	213.100	0.180	su4	谡
919	213.100	213.330	0.230	jiao4	叫
920	213.330	213.460	0.130	jin4	进
921	213.460	213.580	0.120	lai2	来
922	213.830	214.110	0.280	ze2	责
923	214.110	214.250	0.140	wen4	问
924	214.250	214.360	0.110	ta1	他
925	214.360	214.570	0.210	wei4	为
926	214.570	214.700	0.130	shen2	什
927	214.700	214.800	0.100	me5	么
928	214.800	214.960	0.160	wei2	违
929	214.960	215.140	0.180	fan3	反
930	215.140	215.310	0.170	jun1	军
931	215.310	215.510	0.200	ling4	令
932	215.670	215.920	0.250	shi1	失
933	215.920	216.080	0.160	shou3	守
934	216.080	216.290	0.210	jie1	街
935	216.290	216.610	0.320	ting2	亭
936	217.300	217.450	0.150	ma3	马
937	217.450	217.630	0.180	su4	谡
938	217.630	217.770	0.140	hai2	还
939	217.770	217.840	0.070	you3	有
940	217.840	217.990	0.150	shen2	什
941	217.990	218.060	0.070	me5	么
942	218.060	218.210	0.150	ke3	可
943	218.210	218.420	0.210	shuo1	说
944	218.420	218.500	0.080	de5	的
945	218.500	218.650	0.150	na4	呐
946	218.950	219.080	0.130	zhi3	只
947	219.080	219.260	0.180	hao3	好
948	219.260	219.440	0.180	di1	低
949	219.440	219.590	0.150	tou2	头
950	219.590	219.780	0.190	ren4	认
951	219.780	220.010	0.230	zui4	罪
952	220.740	220.820	0.080	zhu1	诸
953	220.820	220.940	0.120	ge3	葛
954	220.940	221.110	0.170	liang4	亮
955	221.110	221.310	0.200	shuo1	说
956	222.480	222.610	0.130	ni3	你
957	222.610	222.760	0.150	he2	和
958	222.760	222.910	0.150	wo3	我
959	222.910	223.050	0.140	sui1	虽
960	223.050	223.190	0.140	ran2	然
961	223.190	223.400	0.210	xiang1	相
962	223.400	223.580	0.180	hao3	好
963	223.580	223.750	0.170	duo1	多
964	223.750	224.010	0.260	nian2	年
965	224.390	224.510	0.120	ke3	可
966	224.510	224.620	0.110	shi4	是
967	224.620	224.810	0.190	zhe4	这
968	224.810	224.960	0.150	ci4	次
969	224.960	225.110	0.150	bu4	不
970	225.110	225.260	0.150	ba3	把
971	225.260	225.390	0.130	ni3	你
972	225.390	225.590	0.200	zhi4	治
973	225.590	225.850	0.260	zui4	罪
974	226.130	226.420	0.290	quan2	全
975	226.420	226.630	0.210	jun1	军
976	226.630	226.750	0.120	bu4	不
977	226.750	227.110	0.360	fu2	服
978	228.350	228.420	0.070	ta1	他
979	228.420	228.540	0.120	ba3	把
980	228.540	228.720	0.180	ma3	马
981	228.720	228.910	0.190	su4	谡
982	228.910	229.100	0.190	xia4	下
983	229.100	229.200	0.100	le5	了
984	229.200	229.430	0.230	jian1	监
985	229.430	229.630	0.200	yu4	狱
986	230.220	230.370	0.150	ma3	马
987	230.370	230.570	0.200	su4	谡
988	230.570	230.670	0.100	zai4	在
989	230.670	230.930	0.260	jian1	监
990	230.930	231.060	0.130	yu4	狱
991	231.060	231.180	0.120	li3	里
992	231.180	231.300	0.120	gei3	给
993	231.300	231.480	0.180	zhu1	诸
994	231.480	231.590	0.110	ge3	葛
995	231.590	231.770	0.180	liang4	亮
996	231.770	231.980	0.210	xie3	写
997	231.980	232.070	0.090	le5	了
998	232.070	232.140	0.070	yi1	一
999	232.140	232.320	0.180	feng1	封
1000	232.320	232.630	0.310	xin4	信
1001	232.850	233.150	0.300	shuo1	说
1002	234.270	234.520	0.250	cheng2	丞
1003	234.520	234.720	0.200	xiang4	相
1004	234.720	234.930	0.210	ping2	平
1005	234.930	235.100	0.170	shi2	时
1006	235.100	235.300	0.200	dai4	待
1007	235.300	235.410	0.110	wo3	我
1008	235.410	235.580	0.170	xiang4	像
1009	235.580	235.700	0.120	dai4	待
1010	235.700	235.960	0.260	qin1	亲
1011	235.960	236.120	0.160	sheng1	生
1012	236.120	236.350	0.230	er2	儿
1013	236.350	236.450	0.100	zi5	子
1014	236.450	236.610	0.160	yi1	一
1015	236.610	236.850	0.240	yang4	样
1016	237.360	237.460	0.100	wo3	我
1017	237.460	237.560	0.100	ye3	也
1018	237.560	237.680	0.120	ba3	把
1019	237.680	237.860	0.180	nin2	您
1020	237.860	238.030	0.170	dang4	当
1021	238.030	238.160	0.130	cheng2	成
1022	238.160	238.260	0.100	wo3	我
1023	238.260	238.360	0.100	de5	的
1024	238.360	238.560	0.200	fu4	父
1025	238.560	238.860	0.300	qin1	亲
1026	239.350	239.530	0.180	zhe4	这
1027	239.530	239.670	0.140	ci4	次
1028	239.670	239.760	0.090	wo3	我
1029	239.760	239.960	0.200	fan4	犯
1030	239.960	240.020	0.060	le5	了
1031	240.020	240.230	0.210	si3	死
1032	240.230	240.500	0.270	zui4	罪
1033	240.860	241.000	0.140	zhi3	只
1034	241.000	241.190	0.190	qiu2	求
1035	241.190	241.340	0.150	nin2	您
1036	241.340	241.460	0.120	neng2	能
1037	241.460	241.720	0.260	xiang3	想
1038	241.720	241.800	0.080	zhe5	着
1039	241.800	242.110	0.310	sha1	杀
1040	242.110	242.310	0.200	gun3	鲧
1041	242.310	242.500	0.190	yong4	用
1042	242.500	242.640	0.140	yu3	禹
1043	242.640	242.750	0.110	de5	的
1044	242.750	242.940	0.190	gu4	故
1045	242.940	243.170	0.230	shi4	事
1046	243.760	243.840	0.080	wo3	我
1047	243.840	244.070	0.230	si3	死
1048	244.070	244.160	0.090	le5	了
1049	244.160	244.240	0.080	ye3	也
1050	244.240	244.440	0.200	fang4	放
1051	244.440	244.650	0.210	xin1	心
1052	244.650	244.810	0.160	le5	了
1053	246.050	246.220	0.170	ma3	马
1054	246.220	246.400	0.180	su4	谡
1055	246.400	246.590	0.190	lian2	连
1056	246.590	246.810	0.220	hou4	后
1057	246.810	247.000	0.190	hui3	悔
1058	247.000	247.130	0.130	dai4	带
1059	247.130	247.330	0.200	hai4	害
1060	247.330	247.550	0.220	xiu1	羞
1061	247.660	247.990	0.330	si3	死
1062	247.990	248.140	0.150	zai4	在
1063	248.140	248.310	0.170	yu4	狱
1064	248.310	248.450	0.140	li3	里
1065	248.450	248.580	0.130	le5	了
1066	249.380	249.520	0.140	zhu1	诸
1067	249.520	249.670	0.150	ge3	葛
1068	249.670	249.850	0.180	liang4	亮
1069	249.850	250.010	0.160	ting1	听
1070	250.010	250.120	0.110	shuo1	说
1071	250.120	250.300	0.180	ma3	马
1072	250.300	250.500	0.200	su4	谡
1073	250.500	250.560	0.060	yi3	已
1074	250.560	250.720	0.160	jing1	经
1075	250.720	250.970	0.250	si3	死
1076	250.970	251.110	0.140	le5	了
1077	251.320	251.570	0.250	shang1	伤
1078	251.570	251.740	0.170	xin1	心
1079	251.740	251.820	0.080	de2	得
1080	251.820	252.010	0.190	da4	大
1081	252.010	252.220	0.210	ku1	哭
1082	252.220	252.370	0.150	qi3	起
1083	252.370	252.550	0.180	lai2	来
1084	253.020	253.120	0.100	ta1	他
1085	253.120	253.430	0.310	qin1	亲
1086	253.430	253.580	0.150	zi4	自
1087	253.580	253.800	0.220	ji4	祭
1088	253.800	253.940	0.140	si4	祀
1089	253.940	254.030	0.090	le5	了
1090	254.030	254.190	0.160	ma3	马
1091	254.190	254.430	0.240	su4	谡
1092	254.900	254.980	0.080	you4	又
1093	254.980	255.240	0.260	fen1	吩
1094	255.240	255.340	0.100	fu4	咐
1095	255.340	255.530	0.190	hao3	好
1096	255.530	255.700	0.170	hao3	好
1097	255.700	255.930	0.230	fu2	扶
1098	255.930	256.090	0.160	yang3	养
1099	256.090	256.240	0.150	ma3	马
1100	256.240	256.420	0.180	su4	谡
1101	256.420	256.500	0.080	de5	的
1102	256.500	256.720	0.220	jia1	家
1103	256.720	256.970	0.250	shu3	属
1104	257.570	257.680	0.110	ta1	他
1105	257.680	257.940	0.260	xiang3	想
1106	257.940	258.070	0.130	qi3	起
1107	258.070	258.330	0.260	xian1	先
1108	258.330	258.470	0.140	di4	帝
1109	258.470	258.650	0.180	liu2	刘
1110	258.650	258.830	0.180	bei4	备
1111	258.830	258.960	0.130	zai4	在
1112	258.960	259.190	0.230	bai2	白
1113	259.190	259.330	0.140	di4	帝
1114	259.330	259.560	0.230	cheng2	城
1115	259.560	259.760	0.200	lin2	临
1116	259.760	259.920	0.160	si3	死
1117	259.920	260.010	0.090	de5	的
1118	260.010	260.140	0.130	shi2	时
1119	260.140	260.340	0.200	hou4	候
1120	260.480	260.770	0.290	ceng2	曾
1121	260.770	260.930	0.160	jing1	经
1122	260.930	261.080	0.150	gen1	跟
1123	261.080	261.250	0.170	zi4	自
1124	261.250	261.370	0.120	ji3	己
1125	261.370	261.610	0.240	shuo1	说
1126	261.610	261.750	0.140	qi3	起
1127	261.750	261.860	0.110	guo4	过
1128	261.860	262.040	0.180	ma3	马
1129	262.040	262.290	0.250	su4	谡
1130	263.410	263.560	0.150	liu2	刘
1131	263.560	263.740	0.180	bei4	备
1132	263.740	263.900	0.160	shuo1	说
1133	263.900	264.100	0.200	ma3	马
1134	264.100	264.290	0.190	su4	谡
1135	264.290	264.410	0.120	zhe4	这
1136	264.410	264.490	0.080	ge5	个
1137	264.490	264.660	0.170	ren2	人
1138	264.660	264.860	0.200	yan2	言
1139	264.860	265.000	0.140	guo4	过
1140	265.000	265.220	0.220	qi2	其
1141	265.220	265.500	0.280	shi2	实
1142	265.500	265.790	0.290	bu4	不
1143	265.790	265.960	0.170	neng2	能
1144	265.960	266.160	0.200	da4	大
1145	266.160	266.340	0.180	yong4	用
1146	267.090	267.270	0.180	zhu1	诸
1147	267.270	267.400	0.130	ge3	葛
1148	267.400	267.590	0.190	liang4	亮
1149	267.590	267.720	0.130	dao3	倒
1150	267.720	267.850	0.130	shi4	是
1151	267.850	267.990	0.140	yi4	一
1152	267.990	268.120	0.130	zhi2	直
1153	268.120	268.260	0.140	yi3	以
1154	268.260	268.390	0.130	wei2	为
1155	268.390	268.580	0.190	ma3	马
1156	268.580	268.770	0.190	su4	谡
1157	268.770	268.970	0.200	ting3	挺
1158	268.970	269.090	0.120	you3	有
1159	269.090	269.350	0.260	cai2	才
1160	269.350	269.610	0.260	hua2	华
1161	269.810	269.970	0.160	lao3	老
1162	269.970	270.100	0.130	shi4	是
1163	270.100	270.340	0.240	zhong4	重
1164	270.340	270.480	0.140	yong4	用
1165	270.480	270.620	0.140	ta1	他
1166	271.370	271.500	0.130	you3	有
1167	271.500	271.660	0.160	shi2	时
1168	271.660	271.810	0.150	hou4	候
1169	271.810	271.940	0.130	gen1	跟
1170	271.940	272.010	0.070	ta1	他
1171	272.010	272.230	0.220	shuo1	说
1172	272.230	272.420	0.190	qi3	起
1173	272.420	272.620	0.200	yong4	用
1174	272.620	272.820	0.200	bing1	兵
1175	272.820	273.010	0.190	da3	打
1176	273.010	273.210	0.200	zhang4	仗
1177	273.210	273.280	0.070	de5	的
1178	273.280	273.520	0.240	shi4	事
1179	273.830	274.030	0.200	cong2	从
1180	274.030	274.280	0.250	bai2	白
1181	274.280	274.470	0.190	tian1	天
1182	274.470	274.630	0.160	neng2	能
1183	274.630	274.740	0.110	yi4	一
1184	274.740	274.880	0.140	zhi2	直
1185	274.880	275.050	0.170	liao2	聊
1186	275.050	275.150	0.100	dao4	到
1187	275.150	275.360	0.210	hei1	黑
1188	275.360	275.620	0.260	ye4	夜
1189	276.280	276.430	0.150	wan4	万
1190	276.430	276.570	0.140	mei2	没
1191	276.570	276.800	0.230	xiang3	想
1192	276.800	276.890	0.090	dao4	到
1193	276.890	277.070	0.180	zhe4	这
1194	277.070	277.210	0.140	ci4	次
1195	277.210	277.440	0.230	bei3	北
1196	277.440	277.660	0.220	fa2	伐
1197	277.660	277.780	0.120	jiu4	就
1198	277.780	278.000	0.220	bai4	败
1199	278.000	278.100	0.100	zai4	在
1200	278.100	278.230	0.130	ta1	他
1201	278.230	278.450	0.220	shou3	手
1202	278.450	278.590	0.140	li3	里
1203	279.670	279.800	0.130	zhu1	诸
1204	279.800	279.970	0.170	ge3	葛
1205	279.970	280.160	0.190	liang4	亮
1206	280.160	280.260	0.100	zhe4	这
1207	280.260	280.380	0.120	me5	么
1208	280.380	280.480	0.100	yi1	一
1209	280.480	280.840	0.360	xiang3	想
1210	281.050	281.250	0.200	jue2	觉
1211	281.250	281.330	0.080	zhe5	着
1212	281.330	281.550	0.220	shi1	失
1213	281.550	281.710	0.160	shou3	守
1214	281.710	281.910	0.200	jie1	街
1215	281.910	282.230	0.320	ting2	亭
1216	282.480	282.700	0.220	wan2	完
1217	282.700	282.890	0.190	quan2	全
1218	282.890	283.010	0.120	shi4	是
1219	283.010	283.180	0.170	zi4	自
1220	283.180	283.340	0.160	ji3	己
1221	283.340	283.490	0.150	yong4	用
1222	283.490	283.640	0.150	ren2	人
1223	283.640	283.760	0.120	bu2	不
1224	283.760	283.950	0.190	dang4	当
1225	283.950	284.120	0.170	zao4	造
1226	284.120	284.310	0.190	cheng2	成
1227	284.310	284.430	0.120	de5	的
1228	285.040	285.130	0.090	yao4	要
1229	285.300	285.410	0.110	chu3	处
1230	285.410	285.580	0.170	fa2	罚
1231	285.580	285.730	0.150	ye3	也
1232	285.730	285.880	0.150	ying1	应
1233	285.880	286.020	0.140	dang1	当
1234	286.020	286.200	0.180	chu3	处
1235	286.200	286.350	0.150	fa2	罚
1236	286.350	286.530	0.180	zi4	自
1237	286.530	286.760	0.230	ji3	己
